﻿[
  {
    "outputFile": "scss/StyleSheet.css",
    "inputFile": "scss/StyleSheet.scss"
  },
  {
    "outputFile": "styles/StyleSheet.css",
    "inputFile": "styles/StyleSheet.scss"
  },
  {
    "outputFile": "styles/style_index.css",
    "inputFile": "styles/style_index.scss"
  },
  {
    "outputFile": "styles/style_shopping.css",
    "inputFile": "styles/style_shopping.scss"
  },
  {
    "outputFile": "styles/style_singlepage.css",
    "inputFile": "styles/style_singlepage.scss"
  },
  {
    "outputFile": "styles/style_chekout.css",
    "inputFile": "styles/style_chekout.scss"
  }
]